task_clock,context_switches,cpu_migrations,page_faults,time_elapsed,size,threads
0.376809,0.0,0.0,49,0.00066228,16,1
0.5528,0.0,0.0,49,0.000852488,32,1
1.356273,0.0,0.0,49,0.001658822,64,1
4.515517,0.0,0.0,49,0.004821176,128,1
16.129883,0.0,0.0,49,0.016423399,256,1
62.555251,0.0,0.0,49,0.062870798,512,1
247.865261,0.0,0.0,49,0.248202005,1024,1
993.182357,2.0,0.0,49,0.993570375,2048,1
3943.216622,4.0,0.0,48,3.943630993,4096,1
15734.376657,8.0,0.0,49,15.734890561,8192,1
