task_clock,context_switches,cpu_migrations,page_faults,time_elapsed,iteration,threads
1219.16,0.0,0.0,29682,1.3885,1,1
306.0,0.0,0.0,5107,0.37565,2,1
278.03,0.0,0.0,5104,0.3778,3,1
290.55,0.0,0.0,5110,0.35056,4,1
288.49,0.0,0.0,5128,0.35857,5,1
291.46,0.0,0.0,5202,0.35372,6,1
296.49,0.0,0.0,5490,0.35914,7,1
350.19,0.0,0.0,6643,0.42407,8,1
